[{
  "_id": {
    "$oid": "61a7d365dfac2cb864b37192"
  },
  "id": 1,
  "Firstname": "Harman",
  "LastName": "Singh",
  "Username": "harman",
  "Email": "harman@gmail.com",
  "Password": "hello1234",
  "Age": 21,
  "Gender": "Male"
},{
  "_id": {
    "$oid": "61a97a4ea64d7bed006577e7"
  },
  "id": 2,
  "Firstname": "yash",
  "LastName": "sharma",
  "Username": "yashsharma",
  "Email": "yash@gmail.com",
  "Password": "hello1234",
  "Age": 25,
  "Gender": "Male"
},{
  "_id": {
    "$oid": "61ad361927a81955d696ff79"
  },
  "id": 3,
  "Firstname": "Ranbir",
  "LastName": "Aulakh",
  "Username": "ranbiraulakh",
  "Email": "ranbiraulakh@gmail.com",
  "Password": "hello1234",
  "Gender": "Male",
  "Age": 30
},{
  "_id": {
    "$oid": "61ae36ac388652ccc7f569dc"
  },
  "id": 4,
  "Firstname": "papa",
  "LastName": "daddy",
  "Username": "papadaddy",
  "Email": "daddy@papa.com",
  "Password": "papadaddy",
  "Gender": "Male",
  "Age": 99
},{
  "_id": {
    "$oid": "61ae41622667cae1aeb08c7d"
  },
  "id": 5,
  "Firstname": "Ruhi",
  "LastName": "Singh",
  "Username": "ruhi",
  "Email": "ruhi@gmail.com",
  "Password": "hello1234",
  "Age": 26,
  "Gender": "Female"
},{
  "_id": {
    "$oid": "61ae99c945ca9d87550dd1d1"
  },
  "id": 6,
  "Firstname": "akansha",
  "LastName": "gujar",
  "Username": "AO",
  "Email": "ao@gmail.com",
  "Password": "1234",
  "Gender": "Female",
  "Age": 26
},{
  "_id": {
    "$oid": "61b14140c92da2ab80a90437"
  },
  "id": 7,
  "Firstname": "Ragveer",
  "LastName": "Singh",
  "Username": "ragveersingh",
  "Email": "ragveer@gmail.com",
  "Password": "hello1234",
  "Gender": "Male",
  "Age": 25
},{
  "_id": {
    "$oid": "61b4db3a3c84004e0d0e90f2"
  },
  "id": 9,
  "Firstname": "kpo",
  "LastName": "kpk",
  "Username": "kpkp",
  "Email": "harm@gmail.com",
  "Password": "jkljl",
  "Gender": "Male",
  "Age": 32
},{
  "_id": {
    "$oid": "61b4dd613c84004e0d0e90f3"
  },
  "id": 10,
  "Firstname": "David",
  "LastName": "Guetta",
  "Username": "davidguetta",
  "Email": "davidguette@gmail.com",
  "Password": "hello1234",
  "Gender": "Male",
  "Age": 30
}]