[{
  "_id": {
    "$oid": "61b9ff86c62fa9ab2c58f2da"
  },
  "id": 36,
  "Playlistname": "Work",
  "Songs": [
    "7",
    "10",
    "18",
    "24",
    "26",
    "27"
  ],
  "User": 1
},{
  "_id": {
    "$oid": "61b9ff99c62fa9ab2c58f2db"
  },
  "id": 37,
  "Playlistname": "Gym",
  "Songs": [
    "7",
    "14",
    "18",
    "23",
    "30",
    "31"
  ],
  "User": 1
},{
  "_id": {
    "$oid": "61b9ffc4c62fa9ab2c58f2dc"
  },
  "id": 38,
  "Playlistname": "travel",
  "Songs": [
    "10",
    "18",
    "24",
    "27",
    "29"
  ],
  "User": 1
},{
  "_id": {
    "$oid": "61b9ffd7c62fa9ab2c58f2dd"
  },
  "id": 39,
  "Playlistname": "travel",
  "Songs": [
    "10",
    "18",
    "24",
    "27",
    "29"
  ],
  "User": 2
}]