[{
  "_id": {
    "$oid": "61aff007b9026a519d9cbcfa"
  },
  "id": 7,
  "Audio": "In Da Club",
  "Artist": "50 Cent",
  "Audiofile": "50_Cent_-__In_Da_Club.mp3",
  "Imageurl": "indaclub.jpg",
  "Genre": "HipHop",
  "Time": "4.00",
  "color": "blue"
},{
  "_id": {
    "$oid": "61aff0b7b9026a519d9cbd00"
  },
  "id": 10,
  "Audio": "Every chance I Get",
  "Artist": "Dj Khaled",
  "Audiofile": "everychanceiget.mp3",
  "Imageurl": "oneverything.jpg",
  "Genre": "HipHop",
  "Time": "4.00",
  "color": "yellow"
},{
  "_id": {
    "$oid": "61aff0f7b9026a519d9cbd02"
  },
  "id": 11,
  "Audio": "Ridin",
  "Artist": "Chamillionaire",
  "Audiofile": "Chamillionaire_-_Ridin_ft._Krayzie_Bone.mp3",
  "Imageurl": "ridin.jpg",
  "Genre": "HipHop",
  "Time": "4.00",
  "color": "grey"
},{
  "_id": {
    "$oid": "61aff132b9026a519d9cbd04"
  },
  "id": 12,
  "Audio": "Rapstar",
  "Artist": "Polo G",
  "Audiofile": "Polo-G-RAPSTAR-Official-Video.mp3",
  "Imageurl": "rapstar.jpg",
  "Genre": "HipHop",
  "Time": "4.00",
  "color": "bisque"
},{
  "_id": {
    "$oid": "61b12c986753e8dc3fae06b1"
  },
  "id": 13,
  "Audio": "Better Together",
  "Artist": "Luke Combs",
  "Audiofile": "Luke_Combs_-_Better_Together.mp3",
  "Imageurl": "bettertogether.jpg",
  "Genre": "Acoustic",
  "Time": "4.00",
  "color": "green"
},{
  "_id": {
    "$oid": "61b12ccc6753e8dc3fae06b3"
  },
  "id": 14,
  "Audio": "Bon Jovi",
  "Artist": "Wanted dead or alive",
  "Audiofile": "Bon_Jovi_-_Wanted_Dead_Or_Alive_Qoret.com.mp3",
  "Imageurl": "wanteddeadoralive.jpg",
  "Genre": "Acoustic",
  "Time": "4.00",
  "color": "blue"
},{
  "_id": {
    "$oid": "61b12d2c6753e8dc3fae06b5"
  },
  "id": 15,
  "Audio": "Foo Fighters",
  "Artist": "Everlong",
  "Audiofile": "everlong.mp3",
  "Imageurl": "everlong.jpg",
  "Genre": "Acoustic",
  "Time": "4.00",
  "color": "red"
},{
  "_id": {
    "$oid": "61b12d686753e8dc3fae06b7"
  },
  "id": 16,
  "Audio": "She will be loved",
  "Artist": "Maroon 5",
  "Audiofile": "She_Will_Be_Loved.mp3",
  "Imageurl": "shewillbeloved.jpg",
  "Genre": "Acoustic",
  "Time": "4.00",
  "color": "grey"
},{
  "_id": {
    "$oid": "61b12db26753e8dc3fae06b9"
  },
  "id": 17,
  "Audio": "She talk to angels",
  "Artist": "The Black Crowes",
  "Audiofile": "SheTalksToAngels.mp3",
  "Imageurl": "She_Talks_to_Angels.jpg",
  "Genre": "Acoustic",
  "Time": "4.00",
  "color": "yellow"
},{
  "_id": {
    "$oid": "61b205b2a08d7c4231481ddf"
  },
  "id": 18,
  "Audio": "Galway Girl",
  "Artist": "Ed Sheeran",
  "Audiofile": "galwaygirl.jpg",
  "Imageurl": "galwaygirl_9aN1gsH.jpg",
  "Genre": "Dance",
  "Time": "4.00",
  "color": "bisque"
},{
  "_id": {
    "$oid": "61b205f6a08d7c4231481de1"
  },
  "id": 19,
  "Audio": "Perfect",
  "Artist": "Ed Sheeren",
  "Audiofile": "Ed_Sheeran_-_Perfect_thinknews.com.ng.mp3",
  "Imageurl": "perfect.jpg",
  "Genre": "Dance",
  "Time": "4.00",
  "color": "white"
},{
  "_id": {
    "$oid": "61b20626a08d7c4231481de3"
  },
  "id": 20,
  "Audio": "Happy",
  "Artist": "Pharrel Williams",
  "Audiofile": "Pharrell-Williams-Happy-Mybestfeelings.com_.mp3",
  "Imageurl": "happy.jpeg",
  "Genre": "Dance",
  "Time": "4.00",
  "color": "blue"
},{
  "_id": {
    "$oid": "61b20671a08d7c4231481de5"
  },
  "id": 21,
  "Audio": "Party Rock Anthem",
  "Artist": "LMFAO",
  "Audiofile": "LMFAO_ft_Lauren_Bennett_GoonRock_-_Party_Rock_Anthem_NaijaGreen.Com_.mp3",
  "Imageurl": "LMFAO-ft.-Lauren-Bennett-GoonRock-Party-Rock-Anthem.jpg",
  "Genre": "Dance",
  "Time": "4.00",
  "color": "green"
},{
  "_id": {
    "$oid": "61b20698a08d7c4231481de7"
  },
  "id": 22,
  "Audio": "Yeah",
  "Artist": "Usher",
  "Audiofile": "Usher_-_Yeah_ft._Ludacris__Lil_Jon.mp3",
  "Imageurl": "yeah.jpg",
  "Genre": "Dance",
  "Time": "4.00",
  "color": "grey"
},{
  "_id": {
    "$oid": "61b2070ca08d7c4231481de9"
  },
  "id": 23,
  "Audio": "Thinking Out Loud",
  "Artist": "Ed Sheeren",
  "Audiofile": "Ed_Sheeran_-_Thinking_Out_Loud-AFROBEAT.co.za.mp3",
  "Imageurl": "thinkingoutloud.jpg",
  "Genre": "Dance",
  "Time": "4.00",
  "color": "orange"
},{
  "_id": {
    "$oid": "61b2074ba08d7c4231481deb"
  },
  "id": 24,
  "Audio": "We Found Love",
  "Artist": "Rihanna",
  "Audiofile": "Rihanna_-_We_Found_Love_ft._Calvin_Harris.mp3",
  "Imageurl": "wefoundlove.jpg",
  "Genre": "Dance",
  "Time": "4.00",
  "color": "beige"
},{
  "_id": {
    "$oid": "61b2a01f3a48ab500d5c22d1"
  },
  "id": 25,
  "Audio": "Phone Dies",
  "Artist": "Andra Day",
  "Audiofile": "Andra_Day_-_Phone_Dies_prod._Anderson_.Paak_320_kbps.mp3",
  "Imageurl": "phonedies.jpg",
  "Genre": "Jazz",
  "Time": "4.00",
  "color": "grey"
},{
  "_id": {
    "$oid": "61b2a06f3a48ab500d5c22d3"
  },
  "id": 26,
  "Audio": "Old Brazil",
  "Artist": "Beverley Beirne",
  "Audiofile": "To_Brazil_320_Kbps.mp3",
  "Imageurl": "oldbrazil.jpg",
  "Genre": "Jazz",
  "Time": "4.00",
  "color": "red"
},{
  "_id": {
    "$oid": "61b2a1d43a48ab500d5c22d5"
  },
  "id": 27,
  "Audio": "Look of love",
  "Artist": "Dianna Krall",
  "Audiofile": "diana-krall-the-look-of-love.mp3",
  "Imageurl": "lookoflove.jpg",
  "Genre": "Jazz",
  "Time": "4.00",
  "color": "green"
},{
  "_id": {
    "$oid": "61b2a20d3a48ab500d5c22d7"
  },
  "id": 28,
  "Audio": "Blue in green",
  "Artist": "Miles Davis",
  "Audiofile": "BlueInGreen.mp3",
  "Imageurl": "blueingreen.jpg",
  "Genre": "Jazz",
  "Time": "4.00",
  "color": "orange"
},{
  "_id": {
    "$oid": "61b4b43e52fcadb91c5a27b6"
  },
  "id": 29,
  "Audio": "Grave",
  "Artist": "Dee Yan-Key",
  "Audiofile": "Dee_Yan-Key_-_Grave.mp3",
  "Imageurl": "guitar-siren-nikki-smith.jpg",
  "Genre": "Classical",
  "Time": "4.00",
  "color": "green"
},{
  "_id": {
    "$oid": "61b4b48552fcadb91c5a27b8"
  },
  "id": 30,
  "Audio": "Non troppo sostenuto",
  "Artist": "Dee Yan-Key",
  "Audiofile": "Dee_Yan-Key_-_Non_troppo_sostenuto.mp3",
  "Imageurl": "pngtree-simple-classical-chinese-style-wind-and-long-song-tv-drama-poster-png-image_4324947.jpg",
  "Genre": "Classical",
  "Time": "4.00",
  "color": "red"
},{
  "_id": {
    "$oid": "61b4b4ab52fcadb91c5a27ba"
  },
  "id": 31,
  "Audio": "World of Snow",
  "Artist": "Dee Yan-Key",
  "Audiofile": "Dee_Yan-Key_-_World_of_Snow.mp3",
  "Imageurl": "pngtree-simple-classical-chinese-style-wind-and-long-song-tv-drama-poster-png-image_4324_MDTrw3x.jpg",
  "Genre": "Classical",
  "Time": "4.00",
  "color": "orange"
},{
  "_id": {
    "$oid": "61b4b4e452fcadb91c5a27bc"
  },
  "id": 32,
  "Audio": "Farewell",
  "Artist": "Maarten Schellekens",
  "Audiofile": "Maarten_Schellekens_-_Farewell_Remix.mp3",
  "Imageurl": "pngtree-simple-classical-chinese-style-wind-and-long-song-tv-drama-poster-png-image_4324_Qtz1Do2.jpg",
  "Genre": "Classical",
  "Time": "4.00",
  "color": "white"
},{
  "_id": {
    "$oid": "61b9ee16ec0cab2607af997f"
  },
  "id": 33,
  "Audio": "Vibrations",
  "Artist": "Kesha",
  "Audiofile": "Ketsa_-_Vibration.mp3",
  "Imageurl": "2eb8c76cc47a88c0bc27ffecf2097962--kesha-hair-nrj-music.jpg",
  "Genre": "HipHop",
  "Time": "4.00",
  "color": "green"
},{
  "_id": {
    "$oid": "61b9ee3aec0cab2607af9981"
  },
  "id": 34,
  "Audio": "Tik Tok",
  "Artist": "Kesha",
  "Audiofile": "TiK_ToK-Kesha-VlcMusic.CoM.mp3",
  "Imageurl": "2eb8c76cc47a88c0bc27ffecf2097962--kesha-hair-nrj-music_JGgA6fz.jpg",
  "Genre": "HipHop",
  "Time": "4.00",
  "color": "white"
}]